,Up,Down,index,Next Day Price,45 Days Later,Return,Shares,$ Made,Invested,>.5,,,
450,0.839647805,0.160352195,231,59.63,97.1,0.628374979,1.449733013,54.321496,86.44757958,TRUE,,570.9747233,29657.2831
361,0.784907661,0.215092339,232,42.31,66.43,0.570077996,1.907108154,45.99944868,80.689746,TRUE,,,1.9%
126,0.617935566,0.382064434,235,18.35,27.84,0.517166213,3.440153244,32.64705429,63.12681203,TRUE,,,
210,0.747905325,0.252094675,244,133.81,172.4,0.288393991,0.573930655,22.14798399,76.797661,TRUE,,-124.1873453,1548.00161
160,0.752331145,0.247668855,245,80.21,102.34,0.275900761,0.963261317,21.31697295,77.26319026,TRUE,,,-8.0%
353,0.652522445,0.347477555,243,66.56,85.87,0.290114183,1.003077336,19.36942336,66.7648275,TRUE,,,
236,0.626884208,0.373115792,246,349.28,443.58,0.269983967,0.183428978,17.29735265,64.06807351,TRUE,,695.1620686,31205.28471
6,0.624169078,0.375830922,247,18.36,23.21,0.26416122,3.473991448,16.84885852,63.78248298,TRUE,,,2.2%
232,0.575176873,0.424823127,249,31.41,39.6,0.260744986,1.866578973,15.28728179,58.62924553,TRUE,,,
383,0.753127883,0.246872117,269,245.05,286.62,0.169638849,0.315637604,13.12105521,77.34699493,TRUE,,,
7,0.719689171,0.280310829,268,69.26,81.12,0.17123881,1.065979631,12.64251843,73.82974926,TRUE,,,
448,0.595397761,0.404602239,255,33.58,40.29,0.199821322,1.809296502,12.14037953,60.75617653,TRUE,,,
350,0.670357013,0.329642987,271,55.07,64.2,0.165788996,1.246427344,11.37988165,68.64075386,TRUE,,,
374,0.627095177,0.372904823,263,37.65,44.25,0.175298805,1.702264656,11.23494673,64.09026431,TRUE,,,
272,0.631385223,0.368614777,265,38.27,44.92,0.173765351,1.686477976,11.21507854,64.54151214,TRUE,,,
413,0.771856069,0.228143931,304,303.76,344.7,0.134777456,0.261117054,10.69013219,79.31691629,TRUE,,,
21,0.590673589,0.409326411,264,17.28,20.3,0.174768519,3.487225994,10.5314225,60.25926517,TRUE,,,
254,0.928376249,0.071623751,360,1022.64,1134.42,0.109305327,0.093660005,10.46931533,95.78046725,TRUE,,,
153,0.747008363,0.252991637,300,211.44,240.29,0.136445327,0.362766336,10.4658088,76.70331415,TRUE,,,
124,0.674783722,0.325216278,278,112.42,129.29,0.150062267,0.614716034,10.3702595,69.10637657,TRUE,,,
293,0.543952591,0.456047409,260,22.14,26.23,0.184733514,2.499770744,10.22406234,55.34492428,TRUE,,,
393,0.589636927,0.410363073,273,49.11,56.86,0.157809,1.224806029,9.492246721,60.15022406,TRUE,,,
211,0.432878941,0.567121059,251,61.05,73.96,0.211466011,0.715178699,9.232957005,43.66165958,FALSE,,,
424,0.638060705,0.361939295,290,70.84,80.86,0.141445511,0.921000448,9.228424486,65.24367172,TRUE,,,
333,0.645116127,0.354883873,310,36.39,41.1,0.129431162,1.813294726,8.54061816,65.98579508,TRUE,,,
35,0.706462983,0.293537017,333,77.34,86.32,0.11611068,0.936624706,8.410889856,72.43855473,TRUE,,,
99,0.567384238,0.432615762,284,72.24,82.65,0.14410299,0.800243333,8.330533097,57.80957838,TRUE,,,
472,0.709683555,0.290316445,342,110.49,123.11,0.114218481,0.658677799,8.312513829,72.77731006,TRUE,,,
247,0.65690556,0.34309444,323,62.19,69.77,0.121884547,1.080975475,8.193794101,67.22586479,TRUE,,,
385,0.671704514,0.328295486,336,78.15,87.15,0.115163148,0.880134235,7.921208117,68.78249049,TRUE,,,
118,0.60233404,0.39766596,317,91.12,102.61,0.126097454,0.674777962,7.753198787,61.48576793,TRUE,,,
261,0.66824388,0.33175612,344,123.25,137.17,0.112941176,0.555119547,7.727264098,68.4184842,TRUE,,,
215,0.763796876,0.236203124,417,247.08,270.89,0.09636555,0.317586253,7.561728677,78.46921132,TRUE,,,
54,0.650052556,0.349947444,353,201.5,223.84,0.110868486,0.33004979,7.373312308,66.50503268,TRUE,,,
342,0.723490458,0.276509542,405,197.13,216.54,0.098462943,0.376551448,7.308863609,74.22958698,TRUE,,,
129,0.715477829,0.284522171,403,100,109.9,0.099,0.733867798,7.265291202,73.38677982,TRUE,,,
50,0.64302187,0.35697813,355,289.5,321.41,0.110224525,0.227169296,7.248972221,65.76551107,TRUE,,,
408,0.668316255,0.331683745,380,67.88,74.96,0.104301709,1.008045036,7.136958856,68.42609705,TRUE,,,
486,0.644641166,0.355358834,366,60.015,66.49,0.107889694,1.098655943,7.113797231,65.93583642,TRUE,,,
481,0.736075948,0.263924052,426,92.28,100.92,0.093628088,0.818740679,7.073919462,75.55338981,TRUE,,,
165,0.667719885,0.332280115,387,114.66,126.49,0.103174603,0.596226827,7.053363359,68.36336794,TRUE,,,
253,0.588429092,0.411570908,330,30.48,34.05,0.117125984,1.969264373,7.030273813,60.0231781,TRUE,,,
331,0.544582417,0.455417583,314,72.37,81.51,0.126295426,0.76566495,6.998177646,55.41117246,TRUE,,,
255,0.664025858,0.335974142,401,73.5,80.81,0.099455782,0.924827377,6.760488127,67.97481222,TRUE,,,
388,0.613783277,0.386216723,370,65.24,72.22,0.106989577,0.96091438,6.707182371,62.69005413,TRUE,,,
164,0.653598217,0.346401783,400,112.34,123.55,0.099786363,0.595317629,6.673510626,66.87798249,TRUE,,,
82,0.706667295,0.293332705,434,117.5,128.31,0.092,0.616681236,6.666324159,72.46004521,TRUE,,,
365,0.53892118,0.46107882,325,79.4,89.01,0.121032746,0.690374005,6.634494192,54.81569603,TRUE,,,
250,0.56398613,0.43601387,338,14.69,16.38,0.115044248,3.910969976,6.60953926,57.45214895,TRUE,,,
181,0.779649504,0.220350496,494,124.45,134.65,0.081960627,0.643926618,6.568051502,80.13666759,TRUE,,,
380,0.7151069,0.2848931,455,64.29,70.04,0.089438482,1.140889154,6.560112637,73.34776373,TRUE,,,
5,0.828854507,0.171145493,525,159.77,171.87,0.075733867,0.533969382,6.461029525,85.3122882,TRUE,,,
98,0.607366308,0.392633692,395,107.57,118.34,0.100120852,0.576509122,6.209003247,62.01508629,TRUE,,,
194,0.513211185,0.486788815,329,102.18,114.2,0.117635545,0.509996029,6.130152263,52.11139419,TRUE,,,
149,0.560967966,0.439032034,374,19.5,21.57,0.106153846,2.929983786,6.065066437,57.13468382,TRUE,,,
114,0.555571494,0.444428506,373,79,87.42,0.106582278,0.716038693,6.029045797,56.56705676,TRUE,,,
225,0.468754577,0.531245423,315,165.25,186.12,0.126293495,0.287051333,5.990761324,47.43523282,FALSE,,,
312,0.599597751,0.400402249,407,57.88,63.54,0.097788528,1.057324668,5.98445762,61.19795178,TRUE,,,
71,0.577379018,0.422620982,390,22.96,25.29,0.101480836,2.563627083,5.973251103,58.86087783,TRUE,,,
188,0.683232925,0.316767075,486,61.7,66.86,0.08363047,1.134442538,5.853723495,69.99510458,TRUE,,,
40,0.727977686,0.272022314,514,117.67,126.76,0.077249936,0.634839597,5.770691938,74.70157539,TRUE,,,
93,0.645728709,0.354271291,458,26.1,28.38,0.087356322,2.530660131,5.7699051,66.05022943,TRUE,,,
234,0.586683323,0.413316677,419,85.22,93.38,0.095752171,0.702177302,5.729766787,59.83954971,TRUE,,,
276,0.587376098,0.412623902,421,45.85,50.23,0.095528899,1.306704889,5.723367414,59.91241916,TRUE,,,
100,0.844672411,0.155327589,608,318.97,339.91,0.065648807,0.27267797,5.709876686,86.976092,TRUE,,,
281,0.55804349,0.44195651,396,43.16,47.48,0.100092678,1.316660642,5.687973975,56.82707332,TRUE,,,
246,0.672285987,0.327714013,492,57.3,62.03,0.082547993,1.201459907,5.682905362,68.84365269,TRUE,,,
235,0.605237857,0.394762143,439,98.49,107.44,0.09087217,0.627385577,5.61510091,61.79120543,TRUE,,,
366,0.651457775,0.348542225,489,36.48,39.51,0.083059211,1.827106371,5.536132303,66.6528404,TRUE,,,
286,0.553336092,0.446663908,415,52.88,57.99,0.096633888,1.065278487,5.443573069,56.33192639,TRUE,,,
304,0.848631222,0.151368778,645,286.68,304.43,0.061915725,0.304843375,5.410969914,87.39249887,TRUE,,,
282,0.634190415,0.365809585,488,62.57,67.78,0.083266741,1.036224641,5.398730379,64.83657577,TRUE,,,
462,0.584438824,0.415561176,449,64.96,70.8,0.089901478,0.917540985,5.358439355,59.60346242,TRUE,,,
311,0.577719256,0.422280744,440,18.27,19.93,0.090859332,3.223681758,5.351311718,58.89666572,TRUE,,,
358,0.622110853,0.377889147,484,74.82,81.08,0.083667469,0.849585525,5.318405388,63.56598899,TRUE,,,
189,0.594713435,0.405286565,460,81.6,88.71,0.087132353,0.74367887,5.287556769,60.68419582,TRUE,,,
180,0.951391781,0.048608219,719,339.1,357.32,0.053730463,0.289594079,5.276404127,98.20135234,TRUE,,,
301,0.855840023,0.144159977,674,419.9,444.71,0.059085497,0.209932735,5.208431157,88.15075546,TRUE,,,
309,0.588527219,0.411472781,466,50.8,55.17,0.086023622,1.181761803,5.164299077,60.03349957,TRUE,,,
131,0.607504075,0.392495925,498,17.72,19.16,0.081264108,3.500540475,5.040778284,62.02957722,TRUE,,,
348,0.625930148,0.374069852,508,83.73,90.3,0.078466499,0.763976124,5.019323135,63.96772087,TRUE,,,
80,0.788246205,0.211753795,644,203.16,215.74,0.061921638,0.398901901,5.018185917,81.04091024,TRUE,,,
262,0.821549224,0.178450776,676,285.42,302.28,0.059070843,0.296208686,4.994078442,84.54388309,TRUE,,,
397,0.839643787,0.160356213,688,437.29,462.52,0.057696266,0.197688392,4.987678129,86.44715692,TRUE,,,
260,0.634519088,0.365480912,519,33.82,36.42,0.076877587,1.918129721,4.987137276,64.87114718,TRUE,,,
337,0.557613718,0.442386282,462,123.41,134.11,0.08670286,0.46010751,4.923150353,56.78186777,TRUE,,,
373,0.648468028,0.351531972,542,47.8,51.32,0.073640167,1.387831889,4.885168248,66.33836428,TRUE,,,
206,0.644686507,0.355313493,543,54,57.96,0.073333333,1.221122325,4.835644409,65.94060558,TRUE,,,
322,0.733307485,0.266692515,625,45.76,48.68,0.063811189,1.64471568,4.802569784,75.2621895,TRUE,,,
205,0.667534485,0.332465515,571,55.42,59.28,0.069649946,1.233198604,4.760146612,68.34386664,TRUE,,,
283,0.620368418,0.379631582,535,68.84,73.98,0.074665892,0.920725032,4.732526666,63.38271122,TRUE,,,
121,0.669452318,0.330547682,581,77.75,83.1,0.068810289,0.881615352,4.716642131,68.54559359,TRUE,,,
345,0.613162208,0.386837792,531,65.07,69.94,0.074842477,0.962420886,4.686989717,62.62472708,TRUE,,,
300,0.803628575,0.196371425,697,218.82,231.02,0.055753587,0.377748389,4.608530344,82.65890244,TRUE,,,
461,0.683890111,0.316109889,609,223.71,238.37,0.065531268,0.313192216,4.591397886,70.06423063,TRUE,,,
347,0.577996196,0.422003804,513,37.89,40.82,0.077329111,1.555180669,4.55667936,58.92579555,TRUE,,,
58,0.670935398,0.329064602,605,74.18,79.08,0.066055541,0.92614709,4.538120742,68.70159115,TRUE,,,
230,0.589893831,0.410106169,533,69,74.16,0.074782609,0.872134007,4.500211475,60.17724647,TRUE,,,
43,0.659197797,0.340802203,601,44.4,47.36,0.066666667,1.519526429,4.49779823,67.46697345,TRUE,,,
313,0.547826591,0.452173409,500,57.33,61.95,0.080586081,0.972482301,4.492868232,55.75241033,TRUE,,,
382,0.725555306,0.274444694,663,149.62,158.62,0.060152386,0.497572368,4.478151314,74.44677773,TRUE,,,
295,0.566119679,0.433880321,511,86.6,93.32,0.077598152,0.666011155,4.475594962,57.67656602,TRUE,,,
422,0.629969107,0.370030893,584,67.26,71.88,0.068688671,0.9573678,4.423039234,64.3925582,TRUE,,,
401,0.78387943,0.21612057,710,247.12,260.63,0.054669796,0.326082841,4.405379183,80.58159169,TRUE,,,
207,0.697524921,0.302475079,650,19.52,20.72,0.06147541,3.662828176,4.395393811,71.498406,TRUE,,,
61,0.656849137,0.343150863,614,552.97,589,0.065157242,0.121561622,4.379865232,67.21992998,TRUE,,,
474,0.609746913,0.390253087,573,105.43,112.76,0.069524803,0.590586074,4.328995923,62.26548979,TRUE,,,
69,0.659989259,0.340010741,634,59.74,63.53,0.06344158,1.130736914,4.285492902,67.55022322,TRUE,,,
106,0.626303499,0.373696501,599,40.27,42.96,0.066799106,1.589446034,4.27560983,64.00699177,TRUE,,,
440,0.635772493,0.364227507,611,35.9,38.25,0.06545961,1.810668147,4.255070145,65.00298648,TRUE,,,
102,0.618265014,0.381734986,595,76.8,81.95,0.067057292,0.822414908,4.235436775,63.16146492,TRUE,,,
387,0.577183031,0.422816969,553,128.8,138.06,0.07189441,0.45683434,4.230285989,58.840263,TRUE,,,
174,0.726741362,0.273258638,692,126.53,133.69,0.056587371,0.589358514,4.219806963,74.57153283,TRUE,,,
349,0.629084334,0.370915666,618,123.02,131.02,0.065030076,0.522675122,4.181400974,64.29949347,TRUE,,,
119,0.769071852,0.230928148,727,504.26,530.87,0.052770396,0.156712924,4.170130898,79.02405888,TRUE,,,
296,0.674374745,0.325625255,665,108.03,114.52,0.060075905,0.639297958,4.149043745,69.06335837,TRUE,,,
198,0.665747742,0.334252258,654,147.93,156.93,0.060839586,0.460730943,4.146578488,68.15592841,TRUE,,,
123,0.609044969,0.390955031,602,172.48,183.96,0.066558442,0.360573145,4.1393797,62.19165598,TRUE,,,
284,0.690605952,0.309394048,682,71.63,75.8,0.058215831,0.988002727,4.119971373,70.77063537,TRUE,,,
269,0.586575071,0.413424929,580,62.78,67.1,0.068811723,0.952981255,4.116879022,59.8281632,TRUE,,,
377,0.596636199,0.403363801,597,30.34,32.37,0.066908372,2.006804265,4.073812658,60.8864414,TRUE,,,
224,0.653873943,0.346126057,657,100.17,106.23,0.060497155,0.667934359,4.047682213,66.9069847,TRUE,,,
169,0.678462695,0.321537305,683,94.43,99.92,0.058138304,0.735924481,4.040225403,69.49334878,TRUE,,,
136,0.657782745,0.342217255,672,114.81,121.63,0.059402491,0.586343797,3.998864696,67.31813134,TRUE,,,
323,0.643957836,0.356042164,670,21.41,22.69,0.059785147,3.076317631,3.937686568,65.86396049,TRUE,,,
91,0.631651921,0.368348079,668,79.81,84.59,0.059892244,0.809041031,3.867216127,64.56956466,TRUE,,,
288,0.662039501,0.337960499,690,106.27,112.33,0.05702456,0.637676462,3.864319361,67.76587763,TRUE,,,
492,0.532504734,0.467495266,558,102.05,109.32,0.071239588,0.530531927,3.856967111,54.14078318,TRUE,,,
242,0.746140683,0.253859317,767,150.26,157.8,0.050179689,0.50986322,3.844368677,76.61204741,TRUE,,,
416,0.538625582,0.461374418,575,290.29,310.41,0.06931,0.188723703,3.797120896,54.78460362,TRUE,,,
451,0.756291987,0.243708013,790,324.55,340.41,0.048867663,0.239346205,3.79603081,77.67981081,TRUE,,,
218,0.351471477,0.648528523,364,69.03,76.49,0.108068956,0.508457599,3.793093689,35.09882806,FALSE,,,
104,0.582065185,0.417934815,626,30.27,32.2,0.063759498,1.960812406,3.784367944,59.35379154,TRUE,,,
185,0.624588917,0.375411083,685,209.61,221.76,0.057964792,0.304501902,3.699698115,63.82664377,TRUE,,,
379,0.612711677,0.387288323,677,36.24,38.38,0.059050773,1.726747738,3.695240159,62.57733803,TRUE,,,
39,0.753301027,0.246698973,808,186.38,195.1,0.046786136,0.415093932,3.619619091,77.36520713,TRUE,,,
489,0.694298407,0.305701593,770,165.49,173.78,0.050093661,0.429989883,3.564616127,71.15902567,TRUE,,,
344,0.94881843,0.05118157,913,515.04,533.76,0.036346692,0.190141882,3.559456029,97.93067486,TRUE,,,
267,0.703627757,0.296372243,784,300.85,315.64,0.049160711,0.239788372,3.546470028,72.14033184,TRUE,,,
493,0.65917058,0.34082942,733,69.9,73.56,0.052360515,0.965151798,3.532455579,67.46411065,TRUE,,,
22,0.689081521,0.310918479,788,99.06,103.91,0.048960226,0.712803233,3.457095682,70.61028829,TRUE,,,
428,0.664147381,0.335852619,768,176.85,185.72,0.050155499,0.384436498,3.409951738,67.98759469,TRUE,,,
195,0.610861928,0.389138072,712,24.95,26.31,0.054509018,2.500311524,3.400423672,62.38277252,TRUE,,,
302,0.644300868,0.355699132,757,26.18,27.51,0.050802139,2.517190306,3.347863106,65.9000422,TRUE,,,
76,0.58470615,0.41529385,702,301.43,318.13,0.055402581,0.197828952,3.303743501,59.63158104,TRUE,,,
341,0.626871108,0.373128892,748,119.74,125.88,0.051277768,0.535048402,3.285197189,64.06669567,TRUE,,,
362,0.567552475,0.432447525,694,61.47,64.94,0.056450301,0.940739782,3.264367043,57.82727439,TRUE,,,
92,0.622439012,0.377560988,749,176.21,185.23,0.051188922,0.360935851,3.255641376,63.6005063,TRUE,,,
27,0.625991354,0.374008646,760,51.29,53.89,0.050692143,1.247302766,3.242987192,63.97415887,TRUE,,,
65,0.603329607,0.396670393,734,57.9,60.93,0.052331606,1.063738973,3.223129087,61.59048652,TRUE,,,
214,0.667574291,0.332425709,807,210.66,220.52,0.046805279,0.324447231,3.199049695,68.34805363,TRUE,,,
86,0.586136331,0.413863669,721,103.16,108.67,0.053412175,0.579507701,3.193087435,59.78201447,TRUE,,,
454,0.697024168,0.302975832,822,65.57,68.49,0.044532561,1.089610102,3.181661497,71.44573437,TRUE,,,
9,0.595947015,0.404052985,739,52.15,54.86,0.051965484,1.166135182,3.160226344,60.81394975,TRUE,,,
430,0.653346233,0.346653767,809,52.94,55.41,0.046656592,1.262778194,3.119062139,66.85147758,TRUE,,,
245,0.630691601,0.369308399,794,34.33,35.99,0.048354209,1.877907184,3.117325925,64.46855362,TRUE,,,
421,0.669616922,0.330383078,814,81.63,85.34,0.045448977,0.839922914,3.116114011,68.56290748,TRUE,,,
420,0.552406598,0.447593402,707,91.86,96.92,0.055083823,0.612172411,3.0975924,56.23415768,TRUE,,,
336,0.447112322,0.552887678,592,96.2,102.7,0.067567568,0.469426149,3.051269969,45.15879554,FALSE,,,
161,0.728488842,0.271511158,865,167.82,174.61,0.040460017,0.445449537,3.024602356,74.75534129,TRUE,,,
52,0.581931331,0.418068669,755,45.96,48.3,0.050913838,1.291116452,3.021212499,59.33971215,TRUE,,,
116,0.573659574,0.426340426,759,63.65,66.88,0.050746269,0.91861192,2.967116501,58.4696487,TRUE,,,
208,0.587798039,0.412201961,792,59.35,62.23,0.048525695,1.01022411,2.909445438,59.95680094,TRUE,,,
411,0.663466777,0.336533223,836,96.26,100.37,0.042696863,0.705547532,2.899800355,67.9160054,TRUE,,,
400,0.546033841,0.453966159,738,59.79,62.9,0.052015387,0.929316612,2.890174662,55.56384021,TRUE,,,
473,0.515459606,0.484540394,706,50.02,52.78,0.055177929,1.046539265,2.88844837,52.34789401,TRUE,,,
130,0.634226398,0.365773602,827,52.73,55.05,0.043997724,1.229667374,2.852828307,64.84036063,TRUE,,,
220,0.616010004,0.383989996,816,94.3,98.55,0.045068929,0.667277541,2.835929549,62.92427211,TRUE,,,
163,0.573065572,0.426934428,799,125,130.96,0.04768,0.467257349,2.7848538,58.40716863,TRUE,,,
463,0.779148303,0.220851697,931,184.86,191.24,0.034512604,0.433214047,2.763905622,80.0839488,TRUE,,,
170,0.88010587,0.11989413,975,357.5,368.37,0.030405594,0.253715119,2.757883338,90.70315487,TRUE,,,
274,0.411950534,0.588049466,603,147.18,156.96,0.066449246,0.281697977,2.755006218,41.46030829,FALSE,,,
133,0.551483641,0.448516359,786,91.33,95.81,0.049052885,0.614661957,2.753685569,56.13707657,TRUE,,,
193,0.385751055,0.614248945,559,89.02,95.35,0.071107616,0.434784545,2.752186168,38.70452017,FALSE,,,
364,0.729183795,0.270816205,907,113.88,118.06,0.036705304,0.657081487,2.746600615,74.82843973,TRUE,,,
97,0.659775217,0.340224783,864,70.89,73.76,0.040485259,0.95257031,2.733876791,67.5277093,TRUE,,,
435,0.794228035,0.205771965,948,224.66,232.16,0.03338378,0.363527589,2.726456914,81.67010804,TRUE,,,
265,0.647395539,0.352604461,855,48.12,50.09,0.040939318,1.37625841,2.711229069,66.22555471,TRUE,,,
292,0.697648467,0.302351533,896,77.89,80.83,0.037745539,0.918107602,2.699236351,71.51140115,TRUE,,,
467,0.579011726,0.420988274,819,178.61,186.6,0.044734337,0.330511248,2.64078487,59.03261396,TRUE,,,
212,0.619103137,0.380896863,856,198.95,207.07,0.040814275,0.317917179,2.581487494,63.24962278,TRUE,,,
77,0.642724583,0.357275417,876,25.83,26.84,0.03910182,2.544879633,2.570328429,65.73424092,TRUE,,,
125,0.652071276,0.347928724,889,72,74.76,0.038333333,0.926630158,2.557499237,66.71737139,TRUE,,,
389,0.558929393,0.441070607,821,48.92,51.1,0.044562551,1.163537548,2.536511855,56.92025686,TRUE,,,
199,0.664823736,0.335176264,908,80.65,83.61,0.036701798,0.843877705,2.497878007,68.05873691,TRUE,,,
83,0.600284181,0.399715819,858,118.87,123.7,0.040632624,0.515438326,2.489567114,61.2701538,TRUE,,,
30,0.630787035,0.369212965,886,59.16,61.44,0.038539554,1.089901822,2.484976154,64.47859179,TRUE,,,
231,0.595661045,0.404338955,857,157.48,163.9,0.040767082,0.385978346,2.477980982,60.78386994,TRUE,,,
402,0.645767294,0.354232706,906,44.09,45.71,0.036743026,1.498169382,2.427034398,66.05428804,TRUE,,,
264,0.610271554,0.389728446,881,28.57,29.68,0.038851943,2.18133266,2.421279252,62.32067408,TRUE,,,
378,0.621958301,0.378041699,892,80.16,83.21,0.038048902,0.792788707,2.418005556,63.54994274,TRUE,,,
419,0.654016406,0.345983594,915,44.43,46.03,0.036011704,1.506233842,2.409974147,66.9219696,TRUE,,,
470,0.696208051,0.303791949,945,417.02,431.03,0.033595511,0.17111863,2.397372012,71.35989125,TRUE,,,
315,0.552714526,0.447285474,840,38.1,39.72,0.042519685,1.476812258,2.392435858,56.26654704,TRUE,,,
399,0.614618,0.385382,899,154.9,160.68,0.037314396,0.405279886,2.342517744,62.77785442,TRUE,,,
109,0.681012639,0.318987361,946,111.44,115.18,0.03356066,0.626001114,2.341244166,69.76156415,TRUE,,,
407,0.61201311,0.38798689,901,72.15,74.84,0.037283437,0.866304358,2.330358722,62.50385941,TRUE,,,
183,0.539221302,0.460778698,844,165.59,172.59,0.042273084,0.331223289,2.318563021,54.84726438,TRUE,,,
47,0.618061688,0.381938312,920,68.88,71.35,0.035859466,0.916667801,2.264169467,63.1400781,TRUE,,,
418,0.682159916,0.317840084,960,69.56,71.79,0.032058654,1.004632552,2.240330591,69.88224033,TRUE,,,
310,0.597871016,0.402128984,910,118.32,122.65,0.036595673,0.515689025,2.232933479,61.01632547,TRUE,,,
3,0.593455786,0.406544214,916,35.86,37.15,0.035973229,1.688564144,2.178247745,60.5519102,TRUE,,,
307,0.619193799,0.380806201,942,67.09,69.36,0.033835147,0.942899972,2.140382935,63.25915909,TRUE,,,
134,0.633714734,0.366285266,952,82.1,84.81,0.033008526,0.789117435,2.138508248,64.78654138,TRUE,,,
403,0.512857636,0.487142364,859,59.88,62.31,0.040581162,0.869642724,2.113231818,52.07420628,TRUE,,,
60,0.666605937,0.333394063,969,189.25,195.11,0.030964333,0.360613989,2.113197976,68.24619744,TRUE,,,
476,0.617279897,0.382720103,947,98.19,101.47,0.033404624,0.642202318,2.106423603,63.05784561,TRUE,,,
271,0.534100099,0.465899901,884,59.05,61.34,0.038780694,0.919705189,2.106124883,54.3085914,TRUE,,,
457,0.591376301,0.408623699,932,49.94,51.66,0.03444133,1.208113334,2.077954935,60.3331799,TRUE,,,
34,0.696076226,0.303923774,991,132.05,135.77,0.028171147,0.540295534,2.009899385,71.34602521,TRUE,,,
386,0.575334016,0.424665984,936,88.93,91.97,0.03418419,0.659459964,2.004758291,58.6457746,TRUE,,,
18,0.674166684,0.325833316,982,76.68,78.9,0.028951487,0.90038437,1.9988533,69.04147345,TRUE,,,
192,0.520223639,0.479776361,904,161.2,167.16,0.036972705,0.327847383,1.953970403,52.84899816,TRUE,,,
33,0.55091045,0.44908955,933,81.95,84.77,0.034411226,0.684280484,1.929670964,56.07678563,TRUE,,,
56,0.599750761,0.400249239,964,117.39,121.09,0.031518869,0.52145878,1.929397486,61.21404618,TRUE,,,
36,0.606716601,0.393283399,974,47.88,49.34,0.030492899,1.293791708,1.888935894,61.94674698,TRUE,,,
62,0.54443192,0.45556808,953,142.74,147.45,0.032997058,0.388085627,1.827883305,55.39534246,TRUE,,,
1,0.561626152,0.438373848,962,141.26,145.75,0.03178536,0.4049548,1.818247053,57.20391509,TRUE,,,
46,0.351192168,0.648807832,785,140.64,147.55,0.049132537,0.249356151,1.723051001,35.06944902,FALSE,,,
216,0.641617314,0.358382686,1006,136.49,140.07,0.026229028,0.480751506,1.721090391,65.61777302,TRUE,,,
466,0.735822539,0.264177461,1047,128.85,131.74,0.022429181,0.586160148,1.694002826,75.52673501,TRUE,,,
200,0.58782601,0.41217399,993,115.87,119.12,0.028048675,0.517474265,1.68179136,59.95974305,TRUE,,,
289,0.692746809,0.307253191,1031,233.08,238.58,0.023597048,0.304598512,1.675291814,70.99582108,TRUE,,,
168,0.727512963,0.272487037,1051,178.78,182.74,0.022150129,0.417567365,1.653566767,74.6526936,TRUE,,,
175,0.673733168,0.326266832,1028,24.29,24.87,0.023878139,2.840505317,1.647493084,68.99587415,TRUE,,,
488,0.607699194,0.392300806,1001,35.83,36.78,0.026514094,1.731791817,1.645202226,62.05010079,TRUE,,,
294,0.571514338,0.428485662,994,17.84,18.34,0.028026906,3.264798341,1.632399171,58.24400241,TRUE,,,
63,0.587304034,0.412695966,998,70.71,72.63,0.027153161,0.847190484,1.626605729,59.90483911,TRUE,,,
191,0.646968741,0.353031259,1024,30.94,31.69,0.024240465,2.139000067,1.60425005,66.18066207,TRUE,,,
51,0.593066393,0.406933607,1004,60.35,61.94,0.026346313,1.002666975,1.59424049,60.51095194,TRUE,,,
273,0.606069913,0.393930087,1014,55.36,56.74,0.024927746,1.117751538,1.542497122,61.87872513,TRUE,,,
141,0.616623592,0.383376408,1032,46.26,47.35,0.023562473,1.36162586,1.484172187,62.98881228,TRUE,,,
256,0.632344777,0.367655223,1039,45.5,46.54,0.022857143,1.420713025,1.477541546,64.64244263,TRUE,,,
217,0.630310668,0.369689332,1040,113.88,116.48,0.02283105,0.565757686,1.470969983,64.42848525,TRUE,,,
240,0.638313874,0.361686126,1058,28.25,28.86,0.02159292,2.31045314,1.409376415,65.27030119,TRUE,,,
396,0.593128249,0.406871751,1041,58.74,60.08,0.022812394,1.030259758,1.380548076,60.51745818,TRUE,,,
394,0.583981436,0.416018564,1049,48.94,50.03,0.02227217,1.216905439,1.326426928,59.55535218,TRUE,,,
318,0.535204274,0.464795726,1022,60.83,62.31,0.0243301,0.894702184,1.324159232,54.42473385,TRUE,,,
237,0.549247353,0.450752647,1034,101.34,103.71,0.023386619,0.551626731,1.307355353,55.90185294,TRUE,,,
96,0.598882579,0.401117421,1066,166.69,170.17,0.020877077,0.366685023,1.27606388,61.12272649,TRUE,,,
330,0.555571902,0.444428098,1048,161.24,164.85,0.022388985,0.350825476,1.266479968,56.56709973,TRUE,,,
196,0.666407539,0.333592461,1094,147.3,149.95,0.017990496,0.463172634,1.227407481,68.22532903,TRUE,,,
277,0.623830881,0.376169119,1081,31.7,32.31,0.019242902,2.010943526,1.226675551,63.74690978,TRUE,,,
239,0.623817435,0.376182565,1082,97.23,99.09,0.019129898,0.655615505,1.219444839,63.74549554,TRUE,,,
182,0.426553462,0.573446538,988,277.5,285.36,0.028324324,0.154941676,1.217841572,42.99631504,FALSE,,,
120,0.625200719,0.374799281,1093,28.27,28.78,0.018040325,2.260028158,1.15261436,63.89099601,TRUE,,,
354,0.643579363,0.356420637,1103,92.56,94.17,0.017394123,0.711151154,1.144953358,65.82415084,TRUE,,,
297,0.610341767,0.389658233,1090,98.06,99.85,0.01825413,0.635611457,1.137744508,62.32805945,TRUE,,,
88,0.595440565,0.404559435,1089,29.98,30.53,0.018345564,2.0267071,1.114688905,60.76067885,TRUE,,,
464,0.767039117,0.232960883,1137,212.39,215.37,0.014030792,0.371063826,1.105770201,78.81024597,TRUE,,,
455,0.59022099,0.40977901,1092,17.68,18,0.018099548,3.405636803,1.089803777,60.21165867,TRUE,,,
0,0.601624212,0.398375788,1099,62.65,63.75,0.017557861,0.980225136,1.07824765,61.41110479,TRUE,,,
221,0.585854783,0.414145217,1095,103.07,104.92,0.017948967,0.579726398,1.072493836,59.75239983,TRUE,,,
179,0.595241918,0.404758082,1108,43.06,43.8,0.017185323,1.410584863,1.043832798,60.73978419,TRUE,,,
285,0.669882507,0.330117493,1128,63.75,64.7,0.014901961,1.075934792,1.022138052,68.59084297,TRUE,,,
367,0.63535961,0.36464039,1121,97.54,99.05,0.015480828,0.665978649,1.00562776,64.95955742,TRUE,,,
38,0.687366311,0.312633689,1135,141.85,143.85,0.014099401,0.496509511,0.993019022,70.42987417,TRUE,,,
449,0.615437649,0.384562351,1120,13.55,13.76,0.015498155,4.639414684,0.974277084,62.86406897,TRUE,,,
243,0.637138978,0.362861022,1127,79.11,80.29,0.01491594,0.823495385,0.971724554,65.1467199,TRUE,,,
436,0.575524392,0.424475608,1114,155.19,157.73,0.016367034,0.378025641,0.960185128,58.66579922,TRUE,,,
471,0.724224064,0.275775936,1147,324.36,328.53,0.012856086,0.229087284,0.955293972,74.30675128,TRUE,,,
142,0.790400368,0.209599632,1175,176,177.84,0.010454545,0.461747134,0.849614726,81.26749551,TRUE,,,
484,0.486313703,0.513686297,1106,98.73,100.43,0.017218677,0.499161215,0.848574065,49.28218674,FALSE,,,
19,0.482796409,0.517203591,1109,52.27,53.16,0.017026975,0.935760872,0.832827176,48.91222076,FALSE,,,
332,0.602177138,0.397822862,1143,30.17,30.57,0.013258204,2.037430038,0.814972015,61.46926424,TRUE,,,
452,0.633304807,0.366695193,1153,44.45,45,0.012373453,1.456544955,0.801099725,64.74342325,TRUE,,,
68,0.594685454,0.405314546,1152,43.24,43.78,0.012488437,1.403359219,0.757813978,60.68125263,TRUE,,,
443,0.523783162,0.476216838,1142,92.59,93.82,0.013284372,0.57482888,0.707039522,53.22340598,TRUE,,,
177,0.645555802,0.354444198,1171,88.47,89.41,0.010625071,0.746377781,0.701595114,66.03204225,TRUE,,,
108,0.653230832,0.346769168,1179,35.12,35.46,0.009681093,1.903170247,0.647077884,66.83933907,TRUE,,,
103,0.476991197,0.523008803,1146,99.62,100.93,0.01314997,0.484858466,0.635164591,48.30160041,FALSE,,,
101,0.480206756,0.519793244,1159,84.78,85.81,0.012149092,0.573718194,0.59092974,48.63982846,FALSE,,,
112,0.867324635,0.132675365,1199,327.86,329.87,0.006130666,0.272551585,0.547828686,89.35876267,TRUE,,,
229,0.658703781,0.341296219,1190,49.62,50.02,0.008061266,1.358625764,0.543450306,67.4150104,TRUE,,,
84,0.608229097,0.391770903,1181,23.09,23.29,0.008661758,2.689728825,0.537945765,62.10583856,TRUE,,,
478,0.573533007,0.426466993,1187,108.3,109.19,0.008217913,0.539763026,0.480389094,58.45633576,TRUE,,,
252,0.648434519,0.351565481,1195,84.3,84.91,0.007236062,0.78689015,0.480002992,66.33483965,TRUE,,,
453,0.595940961,0.404059039,1193,43.81,44.13,0.007304268,1.388114879,0.444196761,60.81331287,TRUE,,,
391,0.75892021,0.24107979,1202,291.83,293.4,0.005379844,0.267129013,0.419392551,77.95625999,TRUE,,,
75,0.61804607,0.38195393,1201,40.85,41.07,0.005385557,1.545616534,0.340035637,63.13843541,TRUE,,,
111,0.504358133,0.495641867,1198,86.36,86.92,0.006484484,0.592637649,0.331877083,51.18018735,TRUE,,,
346,0.635960957,0.364039043,1205,43.27,43.49,0.005084354,1.502722671,0.330598988,65.02280998,TRUE,,,
53,0.65931254,0.34068746,1206,111.02,111.56,0.004863988,0.607809788,0.328217285,67.47904266,TRUE,,,
79,0.550562116,0.449437884,1204,72.34,72.72,0.005252972,0.774677164,0.294377322,56.04014608,TRUE,,,
4,0.59589249,0.40410751,1213,57.42,57.68,0.004528039,1.059007567,0.275341968,60.80821452,TRUE,,,
55,0.542237324,0.457762676,1211,104.1,104.59,0.004707012,0.529918387,0.25966001,55.16450413,TRUE,,,
37,0.635033125,0.364966875,1215,73.39,73.68,0.003951492,0.884660255,0.256551474,64.9252161,TRUE,,,
406,0.563862924,0.436137076,1218,140.52,141.05,0.003771705,0.408761668,0.216643684,57.43918955,TRUE,,,
404,0.62389728,0.37610272,1222,36.48,36.6,0.003289474,1.747639638,0.209716757,63.75389401,TRUE,,,
186,0.565737143,0.434262857,1221,8.99,9.02,0.003337041,6.411160069,0.192334802,57.63632902,TRUE,,,
138,0.657390706,0.342609294,1227,170.6,171.02,0.002461899,0.3943546,0.165628932,67.27689484,TRUE,,,
494,0.664164036,0.335835964,1228,93.68,93.89,0.002241674,0.725761598,0.152409936,67.98934653,TRUE,,,
325,0.79227203,0.20772797,1232,164.32,164.56,0.001460565,0.49576659,0.118983982,81.46436603,TRUE,,,
184,0.685856193,0.314143807,1237,77.56,77.6,0.00051573,0.906021567,0.036240863,70.2710327,TRUE,,,
275,0.654472035,0.345527965,1238,80.42,80.46,0.000497389,0.832751739,0.03331007,66.96989482,TRUE,,,
48,0.638303291,0.361696709,1242,23.59,23.59,0,2.766815943,0,65.26918809,TRUE,,,
173,0.423113347,0.576886653,1240,45.68,45.68,0,0.933328965,0,42.63446712,FALSE,,,
479,0.017784357,0.982215643,1875,256.13,104.95,-0.59024714,0,0,0,FALSE,,,
14,0.568730091,0.431269909,1254,13.45,13.43,-0.001486989,4.308635076,-0.086172702,57.95114177,TRUE,,,
127,0.667686369,0.332313631,1252,210.21,209.92,-0.001379573,0.325197862,-0.09430738,68.35984256,TRUE,,,
441,0.48681627,0.51318373,1257,44.85,44.76,-0.002006689,1.100001096,-0.099000099,49.33504916,FALSE,,,
308,0.659043616,0.340956384,1260,67.01,66.86,-0.002238472,1.006577465,-0.15098662,67.45075594,TRUE,,,
429,0.921530572,0.078469428,1256,589.94,588.91,-0.00174594,0.161135718,-0.16596979,95.06040572,TRUE,,,
335,0.610777246,0.389222754,1264,70.02,69.83,-0.00271351,0.890800704,-0.169252134,62.37386528,TRUE,,,
319,0.607239712,0.392760288,1267,33.63,33.53,-0.002973536,1.843644671,-0.184364467,62.00177027,TRUE,,,
158,0.463760264,0.536239736,1274,141.87,141.26,-0.004299711,0.330654167,-0.201699042,46.90990672,FALSE,,,
151,0.68714395,0.31285605,1271,112.54,112.15,-0.003465435,0.625612984,-0.243989064,70.40648521,TRUE,,,
279,0.5175675,0.4824325,1287,93.87,93.28,-0.006285288,0.560025701,-0.330415163,52.56961251,TRUE,,,
326,0.684010334,0.315989666,1277,95.09,94.63,-0.004837522,0.736953163,-0.338998455,70.07687629,TRUE,,,
263,0.642056113,0.357943887,1279,63.35,63.02,-0.005209155,1.036526094,-0.342053611,65.66392804,TRUE,,,
270,0.426440391,0.573559609,1304,219.49,217.73,-0.008018589,0.195837723,-0.344674392,42.98442174,FALSE,,,
372,0.576864606,0.423135394,1285,153.34,152.4,-0.006130168,0.383505735,-0.360495391,58.80676948,TRUE,,,
166,0.544225345,0.455774655,1289,43.4,43.11,-0.006682028,1.27588972,-0.370008019,55.37361383,TRUE,,,
414,0.81721173,0.18278827,1275,182.39,181.53,-0.004715171,0.461032099,-0.396487605,84.08764451,TRUE,,,
26,0.60246434,0.39753566,1293,70.55,70.06,-0.006945429,0.871714721,-0.427140213,61.49947357,TRUE,,,
105,0.600149213,0.399850787,1294,59.76,59.34,-0.007028112,1.025032753,-0.430513756,61.25595729,TRUE,,,
316,0.600499163,0.399500837,1299,20.83,20.67,-0.007681229,2.942523607,-0.470803777,61.29276673,TRUE,,,
340,0.026063338,0.973936662,1872,243.01,110.79,-0.544092836,0.003583488,-0.473808783,0.870823419,FALSE,,,
8,0.645906018,0.354093982,1295,53.65,53.25,-0.007455732,1.231479584,-0.492591834,66.0688797,TRUE,,,
167,0.633306248,0.366693752,1301,30.83,30.59,-0.007784625,2.100018647,-0.504004475,64.74357488,TRUE,,,
433,0.623522303,0.376477697,1303,27.8,27.58,-0.007913669,2.291886767,-0.504215089,63.71445212,TRUE,,,
219,0.612832629,0.387167371,1310,43.83,43.45,-0.008669861,1.428018717,-0.542647112,62.59006035,TRUE,,,
460,0.36599094,0.63400906,1354,101.14,99.64,-0.014830927,0.362132248,-0.543198372,36.62605558,FALSE,,,
67,0.608195703,0.391804297,1313,49.03,48.59,-0.008974097,1.266618929,-0.557312329,62.10232609,TRUE,,,
369,0.581925347,0.418074653,1322,96.49,95.52,-0.010052855,0.614976503,-0.596527208,59.33908275,TRUE,,,
359,0.645479233,0.354520767,1320,60.98,60.38,-0.009839292,1.082715453,-0.649629272,66.02398835,TRUE,,,
85,0.652775232,0.347224768,1321,242.09,239.69,-0.009913668,0.275894985,-0.662147964,66.79141693,TRUE,,,
20,0.611578788,0.388421212,1328,56.75,56.14,-0.010748899,1.100584588,-0.671356598,62.45817535,TRUE,,,
64,0.634803187,0.365196813,1325,16.32,16.15,-0.010416667,3.976778808,-0.676052397,64.90103014,TRUE,,,
343,0.513694247,0.486305753,1355,30,29.54,-0.015333333,1.738740169,-0.799820478,52.16220508,TRUE,,,
81,0.607970662,0.392029338,1348,8.6,8.48,-0.013953488,7.218448275,-0.866213793,62.07865516,TRUE,,,
446,0.543653408,0.456346592,1366,41.74,41.04,-0.016770484,1.325190578,-0.927633405,55.31345474,TRUE,,,
222,0.949373134,0.050626866,1317,406.46,402.59,-0.009521232,0.241079125,-0.932976215,97.98902128,TRUE,,,
355,0.514129232,0.485870768,1381,232.58,228.28,-0.018488262,0.224473123,-0.965234428,52.20795888,TRUE,,,
187,0.601706403,0.398293597,1362,45.09,44.37,-0.015968064,1.362159016,-0.980754491,61.41975002,TRUE,,,
228,0.647727818,0.352272182,1353,93.2,91.82,-0.014806867,0.71094963,-0.981110489,66.26050549,TRUE,,,
70,0.573394115,0.426605885,1369,28.53,28.04,-0.017174904,2.048430648,-1.003731018,58.4417264,TRUE,,,
477,0.743799951,0.256200049,1345,89.67,88.46,-0.013493922,0.851631961,-1.030474672,76.36583791,TRUE,,,
442,0.636451704,0.363548296,1360,68.68,67.59,-0.015870705,0.94750188,-1.032777049,65.07442912,TRUE,,,
299,0.679859863,0.320140137,1358,88.56,87.17,-0.015695574,0.786363027,-1.093044607,69.64030963,TRUE,,,
445,0.683788669,0.316211331,1359,68.6,67.52,-0.01574344,1.021188928,-1.102884042,70.05356045,TRUE,,,
425,0.559126883,0.440873117,1389,113.42,111.2,-0.019573268,0.50203694,-1.114522008,56.94102979,TRUE,,,
321,0.596258977,0.403741023,1380,74.19,72.83,-0.018331311,0.820147774,-1.115400972,60.84676334,TRUE,,,
128,0.623454849,0.376545151,1385,145.25,142.48,-0.019070568,0.438604867,-1.214935482,63.70735698,TRUE,,,
44,0.083150263,0.916849737,1806,384.13,316.19,-0.176867206,0.017898895,-1.216050956,6.875502702,FALSE,,,
248,0.495344454,0.504655546,1429,86.05,83.92,-0.024753051,0.583754619,-1.243397338,50.23208494,FALSE,,,
49,0.629515713,0.370484287,1391,33.95,33.28,-0.019734904,1.895283301,-1.269839811,64.34486805,TRUE,,,
73,0.563869011,0.436130989,1418,34.4,33.62,-0.022674419,1.669762494,-1.302414745,57.43982979,TRUE,,,
291,0.571642165,0.428357835,1415,90.84,88.79,-0.022567151,0.641319329,-1.314704624,58.25744785,TRUE,,,
172,0.65263842,0.34736158,1393,102.35,100.32,-0.019833903,0.652437971,-1.324449081,66.77702631,TRUE,,,
417,0.653972129,0.346027871,1395,134.75,132.01,-0.020333952,0.496603431,-1.360693401,66.91731235,TRUE,,,
41,0.619918467,0.380081533,1410,149.24,145.93,-0.02217904,0.424386111,-1.404718027,63.33538319,TRUE,,,
375,0.573123205,0.426876795,1428,59.44,57.98,-0.024562584,0.982725956,-1.434779896,58.41323083,TRUE,,,
203,0.624239391,0.375760609,1421,42.91,41.93,-0.022838499,1.486597038,-1.456865097,63.7898789,TRUE,,,
15,0.594013686,0.405986314,1427,54.58,53.26,-0.024184683,1.110490891,-1.465847976,60.61059284,TRUE,,,
427,0.572020372,0.427979628,1434,32.5,31.67,-0.025538462,1.793760908,-1.488821554,58.29722951,TRUE,,,
202,0.553447782,0.446552218,1443,47.18,45.89,-0.027342094,1.194227946,-1.54055405,56.34367449,TRUE,,,
251,0.790522232,0.209477768,1396,153.08,149.96,-0.0203815,0.530966251,-1.656614704,81.28031373,TRUE,,,
213,0.696848102,0.303151898,1425,107.75,105.21,-0.023573086,0.662897586,-1.68375987,71.42721494,TRUE,,,
31,0.609927646,0.390072354,1442,137.26,133.52,-0.027247559,0.453770218,-1.697100617,62.28450017,TRUE,,,
490,0.61264108,0.38735892,1441,43.69,42.5,-0.027237354,1.432133494,-1.704238858,62.56991236,TRUE,,,
314,0.648659248,0.351340752,1435,47.68,46.45,-0.02579698,1.391746598,-1.711848315,66.35847779,TRUE,,,
352,0.584416382,0.415583618,1460,129.84,125.96,-0.029882933,0.45903498,-1.781055723,59.60110182,TRUE,,,
444,0.661627,0.338373,1439,31.38,30.54,-0.026768642,2.158141769,-1.812839086,67.72248872,TRUE,,,
115,0.63168839,0.36831161,1456,21.78,21.14,-0.029384757,2.964802602,-1.897473665,64.57340068,TRUE,,,
113,0.306865274,0.693134726,1613,161.65,151.02,-0.065759357,0.188103505,-1.999540256,30.40693155,FALSE,,,
324,0.721111819,0.278888181,1444,174.54,169.71,-0.02767274,0.423853502,-2.047212416,73.97939027,TRUE,,,
258,0.637237061,0.362762939,1468,46.58,45.09,-0.031987978,1.398820027,-2.08424184,65.15703684,TRUE,,,
42,0.591749291,0.408250709,1482,19.4,18.73,-0.034536082,3.111980041,-2.085026627,60.37241279,TRUE,,,
306,0.619322753,0.380677247,1474,12.99,12.56,-0.033102386,4.870879373,-2.09447813,63.27272305,TRUE,,,
423,0.559643614,0.440356386,1492,36.47,35.11,-0.037290924,1.562801812,-2.125410465,56.9953821,TRUE,,,
305,0.571128679,0.428871321,1491,85.86,82.67,-0.037153506,0.677887688,-2.162461723,58.20343686,TRUE,,,
159,0.573130173,0.426869827,1494,68.48,65.91,-0.037529206,0.853007647,-2.192229653,58.41396367,TRUE,,,
241,0.968491655,0.031508345,1413,379.48,370.98,-0.022399072,0.263518499,-2.239907241,100,TRUE,,,
398,0.737357568,0.262642432,1457,170.2,165.15,-0.029670975,0.444701509,-2.24574262,75.6881968,TRUE,,,
376,0.552885898,0.447114102,1511,117.97,113.06,-0.041620751,0.477109204,-2.342606189,56.28457274,TRUE,,,
238,0.490769783,0.509230217,1540,77.25,73.58,-0.047508091,0.644024581,-2.363570212,49.75089887,FALSE,,,
59,0.58317054,0.41682946,1502,56.83,54.55,-0.040119655,1.04645536,-2.385918222,59.47005814,TRUE,,,
94,0.708380376,0.291619624,1479,195.18,188.52,-0.034122349,0.372170486,-2.478655434,72.64023536,TRUE,,,
148,0.577790751,0.422209249,1517,73.06,69.94,-0.042704626,0.80624399,-2.51548125,58.90418593,TRUE,,,
278,0.641500891,0.358499109,1498,137.9,132.61,-0.038361131,0.475747114,-2.516702236,65.60552709,TRUE,,,
223,0.584500319,0.415499681,1528,20.6,19.66,-0.045631068,2.893685959,-2.720064801,59.60993075,TRUE,,,
438,0.511602016,0.488397984,1561,164.13,155.51,-0.052519344,0.316469469,-2.727966826,51.94213401,TRUE,,,
74,0.664633452,0.335366548,1504,70.05,67.22,-0.040399714,0.971287966,-2.748744942,68.03872199,TRUE,,,
415,0.652640805,0.347359195,1507,68.64,65.81,-0.041229604,0.97286243,-2.753200677,66.77727721,TRUE,,,
266,0.835405304,0.164594696,1469,251.43,243.32,-0.032255499,0.342048812,-2.774015862,86.00133271,TRUE,,,
363,0.574010749,0.425989251,1541,18.68,17.78,-0.048179872,3.132044272,-2.818839845,58.506587,TRUE,,,
447,0.595869797,0.404130203,1535,57.74,55.06,-0.046414964,1.053097116,-2.822300271,60.80582749,TRUE,,,
351,0.62874209,0.37125791,1525,39.97,38.19,-0.0445334,1.60779321,-2.861871914,64.26349462,TRUE,,,
226,0.652693056,0.347306944,1520,41.43,39.64,-0.043205407,1.61194239,-2.885376878,66.7827732,TRUE,,,
390,0.646216143,0.353783857,1524,46.26,44.21,-0.044314743,1.428912671,-2.929270976,66.10150017,TRUE,,,
368,0.624191367,0.375808633,1544,44.19,42.03,-0.048879837,1.44342221,-3.117791974,63.78482748,TRUE,,,
459,0.507785408,0.492214592,1592,46.85,44,-0.060832444,1.100121338,-3.135345813,51.54068468,TRUE,,,
132,0.627199525,0.372800475,1545,19.4,18.45,-0.048969072,3.304187633,-3.138978251,64.10124008,TRUE,,,
16,0.644525015,0.355474985,1543,45.45,43.23,-0.048844884,1.450464667,-3.220031562,65.92361914,TRUE,,,
475,0.628828029,0.371171971,1558,17.84,16.92,-0.051569507,3.602720522,-3.31450288,64.27253412,TRUE,,,
45,0.626491134,0.373508866,1571,122.59,115.82,-0.055224733,0.52228345,-3.535858957,64.02672815,TRUE,,,
95,0.583894871,0.416105129,1588,17.94,16.87,-0.059643255,3.319188783,-3.551531998,59.54624678,TRUE,,,
23,0.542948623,0.457051377,1618,113.89,106.24,-0.067170076,0.485023462,-3.710429483,55.23932206,TRUE,,,
468,0.592782464,0.407217536,1594,70.63,66.29,-0.061446977,0.856308749,-3.716379969,60.48108692,TRUE,,,
110,0.712218762,0.287781238,1555,34.95,33.17,-0.0509299,2.089956377,-3.720122351,73.04397538,TRUE,,,
469,0.589324913,0.410675087,1607,36.75,34.38,-0.064489796,1.635847753,-3.876959175,60.11740493,TRUE,,,
145,0.436602187,0.563397813,1695,106.68,97.28,-0.088113986,0.412947963,-3.881710849,44.05328866,FALSE,,,
24,0.714116839,0.285883161,1562,87.41,82.75,-0.053311978,0.837931865,-3.904762491,73.24362432,TRUE,,,
150,0.667759204,0.332240796,1583,96.99,91.3,-0.058665842,0.704892295,-4.010837157,68.36750367,TRUE,,,
259,0.616507843,0.383492157,1610,137.79,128.82,-0.065099064,0.457047951,-4.099720125,62.97663723,TRUE,,,
87,0.790837024,0.209162976,1552,351.08,333.23,-0.050843113,0.231609391,-4.134227634,81.31342509,TRUE,,,
327,0.552215585,0.447784415,1645,21.98,20.35,-0.074158326,2.557509827,-4.168741019,56.214066,TRUE,,,
89,0.732601804,0.267398196,1577,97.69,92.13,-0.05691473,0.769658742,-4.279302608,75.18796254,TRUE,,,
329,0.69992845,0.30007155,1589,123.01,115.64,-0.059913828,0.583295836,-4.298890313,71.75122081,TRUE,,,
485,0.605793835,0.394206165,1632,94.06,87.49,-0.069849033,0.657555666,-4.320140723,61.84968591,TRUE,,,
334,0.740977175,0.259022825,1576,219.7,207.2,-0.056895767,0.346239985,-4.327999808,76.06892463,TRUE,,,
57,0.572111521,0.427888479,1650,97.39,89.99,-0.07598316,0.598694085,-4.430336226,58.3068169,TRUE,,,
439,0.652932628,0.347067372,1616,49.51,46.19,-0.06705716,1.349383408,-4.479952916,66.80797254,TRUE,,,
146,0.676846301,0.323153699,1612,98.39,91.97,-0.065250534,0.704576975,-4.523384177,69.32332853,TRUE,,,
17,0.687357919,0.312642081,1609,85.29,79.78,-0.064603119,0.825759075,-4.549932504,70.42899152,TRUE,,,
298,0.555502192,0.444497808,1671,65.6,60.19,-0.082469512,0.862191574,-4.664456417,56.55976727,TRUE,,,
257,0.675852231,0.324147769,1633,130.8,121.64,-0.070030581,0.52919547,-4.847430507,69.21876751,TRUE,,,
154,0.563563215,0.436436785,1684,31.16,28.51,-0.085044929,1.842351242,-4.88223079,57.40766469,TRUE,,,
176,0.607315802,0.392684198,1663,69.21,63.73,-0.079179309,0.895965522,-4.909891062,62.0097738,TRUE,,,
157,0.615326905,0.384673095,1660,38.13,35.15,-0.078153685,1.648371897,-4.912148254,62.85242045,TRUE,,,
117,0.625711379,0.374288621,1655,16.71,15.42,-0.077199282,3.826733076,-4.936485668,63.9447097,TRUE,,,
152,0.637626469,0.362373531,1652,52.67,48.64,-0.076514145,1.2378583,-4.988568948,65.19799664,TRUE,,,
339,0.57614973,0.42385027,1685,35.4,32.38,-0.085310734,1.659084049,-5.010433829,58.73157534,TRUE,,,
487,0.504592533,0.495407467,1714,98.52,88.84,-0.098254162,0.519740587,-5.031088881,51.20484262,TRUE,,,
2,0.655963929,0.344036071,1648,46.81,43.29,-0.075197607,1.434027335,-5.047776218,67.12681953,TRUE,,,
156,0.591989708,0.408010292,1679,41.92,38.41,-0.083730916,1.44078485,-5.057154825,60.39770093,TRUE,,,
328,0.512200984,0.487799016,1712,57.84,52.21,-0.097337483,0.899120615,-5.062049064,52.00513639,TRUE,,,
465,0.588650556,0.411349444,1681,48.23,44.16,-0.084387311,1.245002545,-5.067160359,60.04647275,TRUE,,,
456,0.739630121,0.260369879,1619,112.89,105.3,-0.06723359,0.672577154,-5.104860601,75.92723495,TRUE,,,
432,0.60234676,0.39765324,1680,52.62,48.21,-0.083808438,1.168512084,-5.153138289,61.48710584,TRUE,,,
290,0.588063565,0.411936435,1689,40.35,36.86,-0.086493185,1.486610415,-5.18827035,59.98473026,TRUE,,,
491,0.643095835,0.356904165,1667,84.57,77.73,-0.080879745,0.777737863,-5.319726981,65.77329106,TRUE,,,
287,0.466412401,0.533587599,1738,85.79,75.99,-0.114232428,0.550050954,-5.390499348,47.18887134,FALSE,,,
360,0.581278287,0.418721713,1702,42.46,38.59,-0.091144607,1.395926092,-5.402233975,59.27102185,TRUE,,,
29,0.589229628,0.410770372,1699,114.55,104.19,-0.090440856,0.524726167,-5.436163089,60.10738242,TRUE,,,
13,0.608362779,0.391637221,1692,363.77,331.9,-0.087610303,0.170766968,-5.442343268,62.11989993,TRUE,,,
434,0.600574795,0.399425205,1697,34.31,31.23,-0.089769746,1.786672165,-5.502950268,61.30072198,TRUE,,,
107,0.650641274,0.349358726,1677,43.23,39.62,-0.083506824,1.539832451,-5.558795148,66.56695686,TRUE,,,
483,0.558526991,0.441473009,1713,49.51,44.65,-0.098161987,1.148817012,-5.583250676,56.87793024,TRUE,,,
11,0.431121129,0.568878871,1758,189.76,165.29,-0.128952361,0.229114484,-5.606431419,43.47676445,FALSE,,,
458,0.635163243,0.364836757,1691,65.21,59.52,-0.087256556,0.995842702,-5.666344975,64.93890261,TRUE,,,
480,0.643714056,0.356285944,1688,79.04,72.23,-0.086158907,0.832974677,-5.672557551,65.83831847,TRUE,,,
244,0.947818081,0.052181919,1584,1258.15,1183.99,-0.058943687,0.07775341,-5.766192918,97.82545334,TRUE,,,
155,0.532331791,0.467668209,1727,82.02,73.27,-0.106681297,0.659870668,-5.773868345,54.12259219,TRUE,,,
209,0.638137329,0.361862671,1704,70.55,64.11,-0.091282778,0.924900515,-5.956359318,65.25173135,TRUE,,,
395,0.670542863,0.329457137,1693,83.7,76.36,-0.087694146,0.820314246,-6.021106566,68.66030239,TRUE,,,
78,0.419162819,0.580837181,1784,115.17,98.36,-0.145958149,0.366579243,-6.162197073,42.2189314,FALSE,,,
338,0.510039896,0.489960104,1750,58.76,51.69,-0.120319946,0.881174654,-6.229904807,51.77782269,TRUE,,,
370,0.751852988,0.248147012,1674,311.13,285.4,-0.08269855,0.248169239,-6.38539452,77.21289534,TRUE,,,
356,0.610301742,0.389698258,1721,80.51,72.18,-0.103465408,0.774113147,-6.448362511,62.32384943,TRUE,,,
197,0.568401307,0.431598693,1741,44.69,39.53,-0.115462072,1.295962377,-6.687165865,57.91655863,TRUE,,,
25,0.623219382,0.376780618,1728,84.41,75.3,-0.107925601,0.75444366,-6.872981745,63.68258937,TRUE,,,
227,0.566389924,0.433610076,1751,160.01,140.7,-0.120679958,0.360633658,-6.963835944,57.70499168,TRUE,,,
204,0.498255448,0.501744552,1769,77.44,66.69,-0.138817149,0.652612052,-7.015579562,50.53827733,FALSE,,,
32,0.327599407,0.672400593,1825,364.7,286.13,-0.215437346,0.089355218,-7.020639497,32.58784809,FALSE,,,
139,0.677711069,0.322288931,1719,59.44,53.4,-0.101615074,1.167804325,-7.053538121,69.41428906,TRUE,,,
303,0.316149002,0.683850998,1829,161.71,125.08,-0.226516604,0.194072346,-7.108870032,31.38343906,FALSE,,,
268,0.198342698,0.801657302,1855,182.89,114,-0.376674504,0.103843847,-7.153802612,18.99200116,FALSE,,,
405,0.779200734,0.220799266,1696,303.97,276.76,-0.089515413,0.263478185,-7.169241402,80.08946376,TRUE,,,
410,0.513659138,0.486340862,1767,83.63,72.11,-0.137749611,0.623681838,-7.184814774,52.15851212,TRUE,,,
201,0.436154441,0.563845559,1795,228.28,190.69,-0.164666199,0.192772878,-7.246332477,44.00619255,FALSE,,,
371,0.534927488,0.465072512,1770,36.39,31.3,-0.139873592,1.494795828,-7.608510766,54.39562019,TRUE,,,
66,0.716438413,0.283561587,1725,274.69,245.8,-0.105173104,0.267530011,-7.728942025,73.48781879,TRUE,,,
280,0.569604685,0.430395315,1777,46.92,40.25,-0.142156863,1.237065981,-8.251230092,58.04313582,TRUE,,,
409,0.488826242,0.511173758,1804,220.8,182.94,-0.171467391,0.224395234,-8.495603577,49.54646777,FALSE,,,
147,0.168997552,0.831002448,1871,144.7,66.66,-0.539322737,0.109919396,-8.578109644,15.90533657,FALSE,,,
392,0.216835864,0.783164136,1861,133.81,78.01,-0.417009192,0.156469636,-8.731005692,20.937202,FALSE,,,
135,0.203229527,0.796770473,1863,131.01,72.28,-0.44828639,0.148889562,-8.744283968,19.5060215,FALSE,,,
144,0.5735171,0.4264829,1786,15.97,13.57,-0.150281778,3.660279436,-8.784670647,58.4546626,TRUE,,,
72,0.611815512,0.388184488,1775,63.09,54.18,-0.141226819,0.990380015,-8.824285931,62.48307513,TRUE,,,
437,0.619717388,0.380282612,1774,31.44,27,-0.141221374,2.013811474,-8.941322944,63.31423274,TRUE,,,
178,0.58234775,0.41765225,1790,48.3,40.8,-0.155279503,1.229472321,-9.221042408,59.38351311,TRUE,,,
317,0.635619303,0.364380697,1778,63.83,54.75,-0.142252859,1.018124286,-9.244568519,64.98687319,TRUE,,,
10,0.513718549,0.486281451,1807,46.73,38.28,-0.180826022,1.116301332,-9.432746252,52.16476123,TRUE,,,
233,0.506815538,0.493184462,1811,51.05,41.64,-0.184329089,1.007613498,-9.481643012,51.43866905,TRUE,,,
426,0.689012454,0.310987546,1766,68.88,59.4,-0.137630662,1.025014859,-9.717140859,70.60302346,TRUE,,,
137,0.596370454,0.403629546,1794,35.6,29.79,-0.163202247,1.709508121,-9.932242182,60.8584891,TRUE,,,
90,0.626024933,0.373975067,1792,76.66,64.49,-0.158752935,0.834564191,-10.1566462,63.97769085,TRUE,,,
28,0.453620021,0.546379979,1827,81.28,63.21,-0.222317913,0.564017063,-10.19178832,45.84330686,FALSE,,,
384,0.400557908,0.599442092,1837,118.56,88.09,-0.257000675,0.339591572,-10.34735519,40.26197674,FALSE,,,
190,0.55160848,0.44839152,1815,78.77,63.7,-0.191316491,0.712837473,-10.74246072,56.15020777,TRUE,,,
122,0.27116495,0.72883505,1860,88.99,52.29,-0.412405888,0.299492061,-10.99135864,26.65179852,FALSE,,,
320,0.607224314,0.392775686,1808,339.59,278.09,-0.181100739,0.182573547,-11.22827311,62.00015068,TRUE,,,
381,0.602908952,0.397091048,1814,71.13,57.69,-0.18894981,0.865264164,-11.62915037,61.54624001,TRUE,,,
171,0.498602606,0.501397394,1835,47.5,35.65,-0.249473684,1.064732488,-12.61707998,50.57479316,FALSE,,,
249,0.508864242,0.491135758,1833,107.73,81.14,-0.246820756,0.47947797,-12.74931922,51.6541617,TRUE,,,
431,0.426417423,0.573582577,1848,91.19,61.82,-0.322074789,0.471345606,-13.84342043,42.98200577,FALSE,,,
357,0.570823407,0.429176593,1832,18.05,13.61,-0.24598338,3.222788193,-14.30917957,58.17132688,TRUE,,,
140,0.693765877,0.306234123,1822,157.66,125.74,-0.202460992,0.450989545,-14.39558626,71.10301159,TRUE,,,
412,0.817344426,0.182655574,1812,257.97,210.33,-0.184672636,0.32601311,-15.53126457,84.10160206,TRUE,,,
143,0.679660891,0.320339109,1830,127.4,97.53,-0.234458399,0.546462957,-16.32284854,69.61938077,TRUE,,,
12,0.594964541,0.405035459,1840,70.15,51.22,-0.269850321,0.865439891,-16.38277713,60.71060834,TRUE,,,
482,0.580910958,0.419089042,1847,10.1,7.1,-0.297029703,5.864592514,-17.59377754,59.23238439,TRUE,,,
162,0.659573485,0.340426515,1842,105.87,76.16,-0.280627184,0.637635686,-18.94415623,67.50649009,TRUE,,,
